杭州,销售经理,杭州秘猿科技有限公司,区块链,5-10年,本科,15k-30k,2020-04-28 17:38:38
杭州,高级培训专员 (MJ001469),杭州洋驼网络科技有限公司,电商,不限,不限,7k-14k,2020-04-28 17:38:20
杭州,前端开发工程师,杭州轻山科技有限公司,金融,1-3年,本科,8k-12k,2020-04-28 17:38:15
杭州,销售顾问（杭州）,深圳市秦丝科技有限公司,"移动互联网,企业服务",不限,大专,8k-15k,2020-04-28 17:38:03
杭州,项目工程师,北京竞业达数码科技股份有限公司,"移动互联网,硬件",1-3年,大专,4k-7k,2020-04-28 17:38:01
杭州,测试实习生,杭州工猫科技有限公司,移动互联网,应届毕业生,本科,5k-9k,2020-04-28 17:37:56
杭州,云平台销售经理,北京青云科技股份有限公司,数据服务,3-5年,本科,10k-20k,2020-04-28 17:37:45
杭州,全渠道销售经理,杭州数云信息技术有限公司上海分公司,"企业服务,数据服务",1-3年,大专,10k-20k,2020-04-28 17:37:30
杭州,产品助理,天格科技（杭州）有限公司,"移动互联网,电商",1-3年,本科,9k-13k,2020-04-28 17:37:27
杭州,招聘专员,杭州尚尚签网络科技有限公司,"移动互联网,企业服务",1-3年,本科,5k-10k,2020-04-28 17:23:59
杭州,天猫客服,杭州必腾品牌管理有限公司,"电商,软件开发",不限,大专,3k-4k,2020-04-28 17:36:34
杭州,电商培训师,杭州喜兔科技有限公司,"电商,社交",1-3年,本科,10k-15k,2020-04-28 17:36:22
杭州,营销转化,捷程易信（北京）信息技术有限公司,移动互联网,1年以下,大专,4k-8k,2020-04-28 17:36:14
杭州,经营分析专家-办公室-中部大区(J12470),上海钧正网络科技有限公司,"移动互联网,硬件",不限,不限,30k-45k,2020-04-28 17:35:53
杭州,cocos2d-x游戏开发,杭州边锋网络技术有限公司,"移动互联网,游戏",3-5年,本科,15k-22k,2020-04-28 17:36:10
杭州,高级培训专员 (MJ001469),杭州洋驼网络科技有限公司,电商,不限,不限,7k-14k,2020-04-28 17:38:20
杭州,测试工程师,杭州轻山科技有限公司,金融,1-3年,不限,8k-12k,2020-04-28 17:38:15
杭州,销售顾问（杭州）,深圳市秦丝科技有限公司,"移动互联网,企业服务",不限,大专,8k-15k,2020-04-28 17:38:03
杭州,项目工程师,北京竞业达数码科技股份有限公司,"移动互联网,硬件",1-3年,大专,4k-7k,2020-04-28 17:38:01
杭州,测试实习生,杭州工猫科技有限公司,移动互联网,应届毕业生,本科,5k-9k,2020-04-28 17:37:56
杭州,云平台销售经理,北京青云科技股份有限公司,数据服务,3-5年,本科,10k-20k,2020-04-28 17:37:45
杭州,全渠道销售经理,杭州数云信息技术有限公司上海分公司,"企业服务,数据服务",1-3年,大专,10k-20k,2020-04-28 17:37:30
杭州,产品助理,天格科技（杭州）有限公司,"移动互联网,电商",1-3年,本科,9k-13k,2020-04-28 17:37:27
杭州,招聘专员,杭州尚尚签网络科技有限公司,"移动互联网,企业服务",1-3年,本科,5k-10k,2020-04-28 17:23:59
杭州,天猫客服,杭州必腾品牌管理有限公司,"电商,软件开发",不限,大专,3k-4k,2020-04-28 17:36:34
杭州,电商培训师,杭州喜兔科技有限公司,"电商,社交",1-3年,本科,10k-15k,2020-04-28 17:36:22
杭州,营销转化,捷程易信（北京）信息技术有限公司,移动互联网,1年以下,大专,4k-8k,2020-04-28 17:36:14
杭州,经营分析专家-办公室-中部大区(J12470),上海钧正网络科技有限公司,"移动互联网,硬件",不限,不限,30k-45k,2020-04-28 17:35:53
杭州,cocos2d-x游戏开发,杭州边锋网络技术有限公司,"移动互联网,游戏",3-5年,本科,15k-22k,2020-04-28 17:36:10
杭州,保险经纪人,大童保险销售服务有限公司杭州第一营业部,金融,不限,大专,20k-40k,2020-04-28 17:36:05
杭州,销售经理,杭州秘猿科技有限公司,区块链,5-10年,本科,15k-30k,2020-04-28 17:38:38
杭州,高级培训专员 (MJ001469),杭州洋驼网络科技有限公司,电商,不限,不限,7k-14k,2020-04-28 17:38:20
杭州,前端开发工程师,杭州轻山科技有限公司,金融,1-3年,本科,8k-12k,2020-04-28 17:38:15
杭州,销售顾问（杭州）,深圳市秦丝科技有限公司,"移动互联网,企业服务",不限,大专,8k-15k,2020-04-28 17:38:03
杭州,项目工程师,北京竞业达数码科技股份有限公司,"移动互联网,硬件",1-3年,大专,4k-7k,2020-04-28 17:38:01
杭州,测试实习生,杭州工猫科技有限公司,移动互联网,应届毕业生,本科,5k-9k,2020-04-28 17:37:56
杭州,云平台销售经理,北京青云科技股份有限公司,数据服务,3-5年,本科,10k-20k,2020-04-28 17:37:45
杭州,全渠道销售经理,杭州数云信息技术有限公司上海分公司,"企业服务,数据服务",1-3年,大专,10k-20k,2020-04-28 17:37:30
杭州,产品助理,天格科技（杭州）有限公司,"移动互联网,电商",1-3年,本科,9k-13k,2020-04-28 17:37:27
杭州,招聘专员,杭州尚尚签网络科技有限公司,"移动互联网,企业服务",1-3年,本科,5k-10k,2020-04-28 17:23:59
杭州,天猫客服,杭州必腾品牌管理有限公司,"电商,软件开发",不限,大专,3k-4k,2020-04-28 17:36:34
杭州,电商培训师,杭州喜兔科技有限公司,"电商,社交",1-3年,本科,10k-15k,2020-04-28 17:36:22
杭州,营销转化,捷程易信（北京）信息技术有限公司,移动互联网,1年以下,大专,4k-8k,2020-04-28 17:36:14
杭州,经营分析专家-办公室-中部大区(J12470),上海钧正网络科技有限公司,"移动互联网,硬件",不限,不限,30k-45k,2020-04-28 17:35:53
杭州,cocos2d-x游戏开发,杭州边锋网络技术有限公司,"移动互联网,游戏",3-5年,本科,15k-22k,2020-04-28 17:36:10
杭州,销售经理,杭州秘猿科技有限公司,区块链,5-10年,本科,15k-30k,2020-04-28 17:38:38
杭州,高级培训专员 (MJ001469),杭州洋驼网络科技有限公司,电商,不限,不限,7k-14k,2020-04-28 17:38:20
杭州,前端开发工程师,杭州轻山科技有限公司,金融,1-3年,本科,8k-12k,2020-04-28 17:38:15
杭州,销售顾问（杭州）,深圳市秦丝科技有限公司,"移动互联网,企业服务",不限,大专,8k-15k,2020-04-28 17:38:03
杭州,项目工程师,北京竞业达数码科技股份有限公司,"移动互联网,硬件",1-3年,大专,4k-7k,2020-04-28 17:38:01
杭州,测试实习生,杭州工猫科技有限公司,移动互联网,应届毕业生,本科,5k-9k,2020-04-28 17:37:56
杭州,云平台销售经理,北京青云科技股份有限公司,数据服务,3-5年,本科,10k-20k,2020-04-28 17:37:45
杭州,全渠道销售经理,杭州数云信息技术有限公司上海分公司,"企业服务,数据服务",1-3年,大专,10k-20k,2020-04-28 17:37:30
杭州,产品助理,天格科技（杭州）有限公司,"移动互联网,电商",1-3年,本科,9k-13k,2020-04-28 17:37:27
杭州,招聘专员,杭州尚尚签网络科技有限公司,"移动互联网,企业服务",1-3年,本科,5k-10k,2020-04-28 17:23:59
杭州,天猫客服,杭州必腾品牌管理有限公司,"电商,软件开发",不限,大专,3k-4k,2020-04-28 17:36:34
杭州,电商培训师,杭州喜兔科技有限公司,"电商,社交",1-3年,本科,10k-15k,2020-04-28 17:36:22
杭州,营销转化,捷程易信（北京）信息技术有限公司,移动互联网,1年以下,大专,4k-8k,2020-04-28 17:36:14
杭州,经营分析专家-办公室-中部大区(J12470),上海钧正网络科技有限公司,"移动互联网,硬件",不限,不限,30k-45k,2020-04-28 17:35:53
杭州,cocos2d-x游戏开发,杭州边锋网络技术有限公司,"移动互联网,游戏",3-5年,本科,15k-22k,2020-04-28 17:36:10
杭州,电商广告优化师,北京字节跳动科技有限公司,文娱丨内容,1-3年,本科,8k-16k,2020-04-23 14:45:28
杭州,高级java开发工程师,宁波中茂网络科技有限公司杭州分公司,"数据服务,软件开发",3-5年,大专,18k-25k,2020-04-28 17:38:45
杭州,销售经理,杭州秘猿科技有限公司,区块链,5-10年,本科,15k-30k,2020-04-28 17:38:38
杭州,高级培训专员 (MJ001469),杭州洋驼网络科技有限公司,电商,不限,不限,7k-14k,2020-04-28 17:38:20
杭州,前端开发工程师,杭州轻山科技有限公司,金融,1-3年,本科,8k-12k,2020-04-28 17:38:15
杭州,销售顾问（杭州）,深圳市秦丝科技有限公司,"移动互联网,企业服务",不限,大专,8k-15k,2020-04-28 17:38:03
杭州,项目工程师,北京竞业达数码科技股份有限公司,"移动互联网,硬件",1-3年,大专,4k-7k,2020-04-28 17:38:01
杭州,测试实习生,杭州工猫科技有限公司,移动互联网,应届毕业生,本科,5k-9k,2020-04-28 17:37:56
杭州,云平台销售经理,北京青云科技股份有限公司,数据服务,3-5年,本科,10k-20k,2020-04-28 17:37:45
杭州,全渠道销售经理,杭州数云信息技术有限公司上海分公司,"企业服务,数据服务",1-3年,大专,10k-20k,2020-04-28 17:37:30
杭州,产品助理,天格科技（杭州）有限公司,"移动互联网,电商",1-3年,本科,9k-13k,2020-04-28 17:37:27
杭州,招聘专员,杭州尚尚签网络科技有限公司,"移动互联网,企业服务",1-3年,本科,5k-10k,2020-04-28 17:23:59
杭州,天猫客服,杭州必腾品牌管理有限公司,"电商,软件开发",不限,大专,3k-4k,2020-04-28 17:36:34
杭州,电商培训师,杭州喜兔科技有限公司,"电商,社交",1-3年,本科,10k-15k,2020-04-28 17:36:22
杭州,营销转化,捷程易信（北京）信息技术有限公司,移动互联网,1年以下,大专,4k-8k,2020-04-28 17:36:14
杭州,杭州-资深算法工程师/算法技术专家（建模S4-S5,拉勾猎头,"移动互联网,企业服务",3-5年,本科,25k-45k,2020-04-28 17:35:18
杭州,电商广告优化师,北京字节跳动科技有限公司,文娱丨内容,1-3年,本科,8k-16k,2020-04-23 14:45:28
杭州,高级java开发工程师,宁波中茂网络科技有限公司杭州分公司,"数据服务,软件开发",3-5年,大专,18k-25k,2020-04-28 17:38:45
杭州,销售经理,杭州秘猿科技有限公司,区块链,5-10年,本科,15k-30k,2020-04-28 17:38:38
杭州,高级培训专员 (MJ001469),杭州洋驼网络科技有限公司,电商,不限,不限,7k-14k,2020-04-28 17:38:20
杭州,前端开发工程师,杭州轻山科技有限公司,金融,1-3年,本科,8k-12k,2020-04-28 17:38:15
杭州,销售顾问（杭州）,深圳市秦丝科技有限公司,"移动互联网,企业服务",不限,大专,8k-15k,2020-04-28 17:38:03
杭州,项目工程师,北京竞业达数码科技股份有限公司,"移动互联网,硬件",1-3年,大专,4k-7k,2020-04-28 17:38:01
杭州,测试实习生,杭州工猫科技有限公司,移动互联网,应届毕业生,本科,5k-9k,2020-04-28 17:37:56
杭州,云平台销售经理,北京青云科技股份有限公司,数据服务,3-5年,本科,10k-20k,2020-04-28 17:37:45
杭州,全渠道销售经理,杭州数云信息技术有限公司上海分公司,"企业服务,数据服务",1-3年,大专,10k-20k,2020-04-28 17:37:30
杭州,产品助理,天格科技（杭州）有限公司,"移动互联网,电商",1-3年,本科,9k-13k,2020-04-28 17:37:27
杭州,招聘专员,杭州尚尚签网络科技有限公司,"移动互联网,企业服务",1-3年,本科,5k-10k,2020-04-28 17:23:59
杭州,天猫客服,杭州必腾品牌管理有限公司,"电商,软件开发",不限,大专,3k-4k,2020-04-28 17:36:34
杭州,电商培训师,杭州喜兔科技有限公司,"电商,社交",1-3年,本科,10k-15k,2020-04-28 17:36:22
杭州,项目经理,杭州抢趣网络科技有限公司,"移动互联网,企业服务",3-5年,本科,12k-20k,2020-04-28 17:38:55
杭州,杭州-资深算法工程师/算法技术专家（建模S4-S5,拉勾猎头,"移动互联网,企业服务",3-5年,本科,25k-45k,2020-04-28 17:35:18
杭州,电商广告优化师,北京字节跳动科技有限公司,文娱丨内容,1-3年,本科,8k-16k,2020-04-23 14:45:28
杭州,高级java开发工程师,宁波中茂网络科技有限公司杭州分公司,"数据服务,软件开发",3-5年,大专,18k-25k,2020-04-28 17:38:45
杭州,销售经理,杭州秘猿科技有限公司,区块链,5-10年,本科,15k-30k,2020-04-28 17:38:38
杭州,高级培训专员 (MJ001469),杭州洋驼网络科技有限公司,电商,不限,不限,7k-14k,2020-04-28 17:38:20
杭州,前端开发工程师,杭州轻山科技有限公司,金融,1-3年,本科,8k-12k,2020-04-28 17:38:15
杭州,销售顾问（杭州）,深圳市秦丝科技有限公司,"移动互联网,企业服务",不限,大专,8k-15k,2020-04-28 17:38:03
杭州,项目工程师,北京竞业达数码科技股份有限公司,"移动互联网,硬件",1-3年,大专,4k-7k,2020-04-28 17:38:01
杭州,测试实习生,杭州工猫科技有限公司,移动互联网,应届毕业生,本科,5k-9k,2020-04-28 17:37:56
杭州,云平台销售经理,北京青云科技股份有限公司,数据服务,3-5年,本科,10k-20k,2020-04-28 17:37:45
杭州,全渠道销售经理,杭州数云信息技术有限公司上海分公司,"企业服务,数据服务",1-3年,大专,10k-20k,2020-04-28 17:37:30
杭州,产品助理,天格科技（杭州）有限公司,"移动互联网,电商",1-3年,本科,9k-13k,2020-04-28 17:37:27
杭州,招聘专员,杭州尚尚签网络科技有限公司,"移动互联网,企业服务",1-3年,本科,5k-10k,2020-04-28 17:23:59
杭州,天猫客服,杭州必腾品牌管理有限公司,"电商,软件开发",不限,大专,3k-4k,2020-04-28 17:36:34
杭州,用户运营,杭州抢趣网络科技有限公司,"移动互联网,企业服务",3-5年,本科,10k-20k,2020-04-28 17:38:55
杭州,杭州-资深算法工程师/算法技术专家（建模S4-S5,拉勾猎头,"移动互联网,企业服务",3-5年,本科,25k-45k,2020-04-28 17:35:18
杭州,电商广告优化师,北京字节跳动科技有限公司,文娱丨内容,1-3年,本科,8k-16k,2020-04-23 14:45:28
杭州,高级java开发工程师,宁波中茂网络科技有限公司杭州分公司,"数据服务,软件开发",3-5年,大专,18k-25k,2020-04-28 17:38:45
杭州,销售经理,杭州秘猿科技有限公司,区块链,5-10年,本科,15k-30k,2020-04-28 17:38:38
杭州,高级培训专员 (MJ001469),杭州洋驼网络科技有限公司,电商,不限,不限,7k-14k,2020-04-28 17:38:20
杭州,测试工程师,杭州轻山科技有限公司,金融,1-3年,不限,8k-12k,2020-04-28 17:38:15
杭州,销售顾问（杭州）,深圳市秦丝科技有限公司,"移动互联网,企业服务",不限,大专,8k-15k,2020-04-28 17:38:03
杭州,项目工程师,北京竞业达数码科技股份有限公司,"移动互联网,硬件",1-3年,大专,4k-7k,2020-04-28 17:38:01
杭州,文案策划新媒体运营,杭州工猫科技有限公司,移动互联网,3-5年,本科,8k-15k,2020-04-28 17:37:56
杭州,云平台销售经理,北京青云科技股份有限公司,数据服务,3-5年,本科,10k-20k,2020-04-28 17:37:45
杭州,全渠道销售经理,杭州数云信息技术有限公司上海分公司,"企业服务,数据服务",1-3年,大专,10k-20k,2020-04-28 17:37:30
杭州,产品助理,天格科技（杭州）有限公司,"移动互联网,电商",1-3年,本科,9k-13k,2020-04-28 17:37:27
杭州,招聘专员,杭州尚尚签网络科技有限公司,"移动互联网,企业服务",1-3年,本科,5k-10k,2020-04-28 17:23:59
杭州,天猫客服,杭州必腾品牌管理有限公司,"电商,软件开发",不限,大专,3k-4k,2020-04-28 17:36:34
杭州,用户运营,杭州抢趣网络科技有限公司,"移动互联网,企业服务",3-5年,本科,10k-20k,2020-04-28 17:38:55
杭州,杭州-资深算法工程师/算法技术专家（建模S4-S5,拉勾猎头,"移动互联网,企业服务",3-5年,本科,25k-45k,2020-04-28 17:35:18
杭州,电商广告优化师,北京字节跳动科技有限公司,文娱丨内容,1-3年,本科,8k-16k,2020-04-23 14:45:28
杭州,高级java开发工程师,宁波中茂网络科技有限公司杭州分公司,"数据服务,软件开发",3-5年,大专,18k-25k,2020-04-28 17:38:45
杭州,销售经理,杭州秘猿科技有限公司,区块链,5-10年,本科,15k-30k,2020-04-28 17:38:38
杭州,高级培训专员 (MJ001469),杭州洋驼网络科技有限公司,电商,不限,不限,7k-14k,2020-04-28 17:38:20
杭州,测试工程师,杭州轻山科技有限公司,金融,1-3年,不限,8k-12k,2020-04-28 17:38:15
杭州,销售顾问（杭州）,深圳市秦丝科技有限公司,"移动互联网,企业服务",不限,大专,8k-15k,2020-04-28 17:38:03
杭州,项目工程师,北京竞业达数码科技股份有限公司,"移动互联网,硬件",1-3年,大专,4k-7k,2020-04-28 17:38:01
杭州,文案策划新媒体运营,杭州工猫科技有限公司,移动互联网,3-5年,本科,8k-15k,2020-04-28 17:37:56
杭州,云平台销售经理,北京青云科技股份有限公司,数据服务,3-5年,本科,10k-20k,2020-04-28 17:37:45
杭州,全渠道销售经理,杭州数云信息技术有限公司上海分公司,"企业服务,数据服务",1-3年,大专,10k-20k,2020-04-28 17:37:30
杭州,产品助理,天格科技（杭州）有限公司,"移动互联网,电商",1-3年,本科,9k-13k,2020-04-28 17:37:27
杭州,招聘专员,杭州尚尚签网络科技有限公司,"移动互联网,企业服务",1-3年,本科,5k-10k,2020-04-28 17:23:59
杭州,天猫客服,杭州必腾品牌管理有限公司,"电商,软件开发",不限,大专,3k-4k,2020-04-28 17:36:34
杭州,直播运营,杭州萌兔文化传播有限公司,文娱丨内容,1-3年,本科,10k-15k,2020-04-28 17:38:58
杭州,用户运营,杭州抢趣网络科技有限公司,"移动互联网,企业服务",3-5年,本科,10k-20k,2020-04-28 17:38:55
杭州,杭州-资深算法工程师/算法技术专家（建模S4-S5,拉勾猎头,"移动互联网,企业服务",3-5年,本科,25k-45k,2020-04-28 17:35:18
杭州,电商广告优化师,北京字节跳动科技有限公司,文娱丨内容,1-3年,本科,8k-16k,2020-04-23 14:45:28
杭州,高级java开发工程师,宁波中茂网络科技有限公司杭州分公司,"数据服务,软件开发",3-5年,大专,18k-25k,2020-04-28 17:38:45
杭州,销售经理,杭州秘猿科技有限公司,区块链,5-10年,本科,15k-30k,2020-04-28 17:38:38
杭州,高级培训专员 (MJ001469),杭州洋驼网络科技有限公司,电商,不限,不限,7k-14k,2020-04-28 17:38:20
杭州,前端开发工程师,杭州轻山科技有限公司,金融,1-3年,本科,8k-12k,2020-04-28 17:38:15
杭州,销售顾问（杭州）,深圳市秦丝科技有限公司,"移动互联网,企业服务",不限,大专,8k-15k,2020-04-28 17:38:03
杭州,项目工程师,北京竞业达数码科技股份有限公司,"移动互联网,硬件",1-3年,大专,4k-7k,2020-04-28 17:38:01
杭州,测试实习生,杭州工猫科技有限公司,移动互联网,应届毕业生,本科,5k-9k,2020-04-28 17:37:56
杭州,云平台销售经理,北京青云科技股份有限公司,数据服务,3-5年,本科,10k-20k,2020-04-28 17:37:45
杭州,全渠道销售经理,杭州数云信息技术有限公司上海分公司,"企业服务,数据服务",1-3年,大专,10k-20k,2020-04-28 17:37:30
杭州,产品助理,天格科技（杭州）有限公司,"移动互联网,电商",1-3年,本科,9k-13k,2020-04-28 17:37:27
杭州,招聘专员,杭州尚尚签网络科技有限公司,"移动互联网,企业服务",1-3年,本科,5k-10k,2020-04-28 17:23:59
杭州,直播运营,杭州萌兔文化传播有限公司,文娱丨内容,1-3年,本科,10k-15k,2020-04-28 17:38:58
杭州,用户运营,杭州抢趣网络科技有限公司,"移动互联网,企业服务",3-5年,本科,10k-20k,2020-04-28 17:38:55
杭州,杭州-资深算法工程师/算法技术专家（建模S4-S5,拉勾猎头,"移动互联网,企业服务",3-5年,本科,25k-45k,2020-04-28 17:35:18
杭州,电商广告优化师,北京字节跳动科技有限公司,文娱丨内容,1-3年,本科,8k-16k,2020-04-23 14:45:28
杭州,高级java开发工程师,宁波中茂网络科技有限公司杭州分公司,"数据服务,软件开发",3-5年,大专,18k-25k,2020-04-28 17:38:45
杭州,销售经理,杭州秘猿科技有限公司,区块链,5-10年,本科,15k-30k,2020-04-28 17:38:38
杭州,高级培训专员 (MJ001469),杭州洋驼网络科技有限公司,电商,不限,不限,7k-14k,2020-04-28 17:38:20
杭州,前端开发工程师,杭州轻山科技有限公司,金融,1-3年,本科,8k-12k,2020-04-28 17:38:15
杭州,销售顾问（杭州）,深圳市秦丝科技有限公司,"移动互联网,企业服务",不限,大专,8k-15k,2020-04-28 17:38:03
杭州,项目工程师,北京竞业达数码科技股份有限公司,"移动互联网,硬件",1-3年,大专,4k-7k,2020-04-28 17:38:01
杭州,测试实习生,杭州工猫科技有限公司,移动互联网,应届毕业生,本科,5k-9k,2020-04-28 17:37:56
杭州,云平台销售经理,北京青云科技股份有限公司,数据服务,3-5年,本科,10k-20k,2020-04-28 17:37:45
杭州,全渠道销售经理,杭州数云信息技术有限公司上海分公司,"企业服务,数据服务",1-3年,大专,10k-20k,2020-04-28 17:37:30
杭州,产品助理,天格科技（杭州）有限公司,"移动互联网,电商",1-3年,本科,9k-13k,2020-04-28 17:37:27
杭州,招聘专员,杭州尚尚签网络科技有限公司,"移动互联网,企业服务",1-3年,本科,5k-10k,2020-04-28 17:23:59
杭州,新媒体运营专员,杭州硬兽网络科技有限公司,文娱丨内容,不限,不限,3k-6k,2020-04-28 17:39:08
杭州,项目实施工程师,南京帆软软件有限公司,数据服务,不限,本科,9k-10k,2020-04-28 17:39:04
杭州,直播运营,杭州萌兔文化传播有限公司,文娱丨内容,1-3年,本科,10k-15k,2020-04-28 17:38:58
杭州,用户运营,杭州抢趣网络科技有限公司,"移动互联网,企业服务",3-5年,本科,10k-20k,2020-04-28 17:38:55
杭州,杭州-资深算法工程师/算法技术专家（建模S4-S5,拉勾猎头,"移动互联网,企业服务",3-5年,本科,25k-45k,2020-04-28 17:35:18
杭州,电商广告优化师,北京字节跳动科技有限公司,文娱丨内容,1-3年,本科,8k-16k,2020-04-23 14:45:28
杭州,高级java开发工程师,宁波中茂网络科技有限公司杭州分公司,"数据服务,软件开发",3-5年,大专,18k-25k,2020-04-28 17:38:45
杭州,销售经理,杭州秘猿科技有限公司,区块链,5-10年,本科,15k-30k,2020-04-28 17:38:38
杭州,高级培训专员 (MJ001469),杭州洋驼网络科技有限公司,电商,不限,不限,7k-14k,2020-04-28 17:38:20
杭州,前端开发工程师,杭州轻山科技有限公司,金融,1-3年,本科,8k-12k,2020-04-28 17:38:15
杭州,销售顾问（杭州）,深圳市秦丝科技有限公司,"移动互联网,企业服务",不限,大专,8k-15k,2020-04-28 17:38:03
杭州,项目工程师,北京竞业达数码科技股份有限公司,"移动互联网,硬件",1-3年,大专,4k-7k,2020-04-28 17:38:01
杭州,测试实习生,杭州工猫科技有限公司,移动互联网,应届毕业生,本科,5k-9k,2020-04-28 17:37:56
杭州,云平台销售经理,北京青云科技股份有限公司,数据服务,3-5年,本科,10k-20k,2020-04-28 17:37:45
杭州,全渠道销售经理,杭州数云信息技术有限公司上海分公司,"企业服务,数据服务",1-3年,大专,10k-20k,2020-04-28 17:37:30
杭州,新媒体运营专员,杭州硬兽网络科技有限公司,文娱丨内容,不限,不限,3k-6k,2020-04-28 17:39:08
杭州,项目实施工程师,南京帆软软件有限公司,数据服务,不限,本科,9k-10k,2020-04-28 17:39:04
杭州,直播运营,杭州萌兔文化传播有限公司,文娱丨内容,1-3年,本科,10k-15k,2020-04-28 17:38:58
杭州,用户运营,杭州抢趣网络科技有限公司,"移动互联网,企业服务",3-5年,本科,10k-20k,2020-04-28 17:38:55
杭州,杭州-资深算法工程师/算法技术专家（建模S4-S5,拉勾猎头,"移动互联网,企业服务",3-5年,本科,25k-45k,2020-04-28 17:35:18
杭州,电商广告优化师,北京字节跳动科技有限公司,文娱丨内容,1-3年,本科,8k-16k,2020-04-23 14:45:28
杭州,高级java开发工程师,宁波中茂网络科技有限公司杭州分公司,"数据服务,软件开发",3-5年,大专,18k-25k,2020-04-28 17:38:45
杭州,销售经理,杭州秘猿科技有限公司,区块链,5-10年,本科,15k-30k,2020-04-28 17:38:38
杭州,高级培训专员 (MJ001469),杭州洋驼网络科技有限公司,电商,不限,不限,7k-14k,2020-04-28 17:38:20
杭州,前端开发工程师,杭州轻山科技有限公司,金融,1-3年,本科,8k-12k,2020-04-28 17:38:15
杭州,销售顾问（杭州）,深圳市秦丝科技有限公司,"移动互联网,企业服务",不限,大专,8k-15k,2020-04-28 17:38:03
杭州,项目工程师,北京竞业达数码科技股份有限公司,"移动互联网,硬件",1-3年,大专,4k-7k,2020-04-28 17:38:01
杭州,测试实习生,杭州工猫科技有限公司,移动互联网,应届毕业生,本科,5k-9k,2020-04-28 17:37:56
杭州,云平台销售经理,北京青云科技股份有限公司,数据服务,3-5年,本科,10k-20k,2020-04-28 17:37:45
杭州,全渠道销售经理,杭州数云信息技术有限公司上海分公司,"企业服务,数据服务",1-3年,大专,10k-20k,2020-04-28 17:37:30
杭州,新媒体运营专员,杭州硬兽网络科技有限公司,文娱丨内容,不限,不限,3k-6k,2020-04-28 17:39:08
杭州,项目实施工程师,南京帆软软件有限公司,数据服务,不限,本科,9k-10k,2020-04-28 17:39:04
杭州,直播运营,杭州萌兔文化传播有限公司,文娱丨内容,1-3年,本科,10k-15k,2020-04-28 17:38:58
杭州,用户运营,杭州抢趣网络科技有限公司,"移动互联网,企业服务",3-5年,本科,10k-20k,2020-04-28 17:38:55
杭州,杭州-资深算法工程师/算法技术专家（建模S4-S5,拉勾猎头,"移动互联网,企业服务",3-5年,本科,25k-45k,2020-04-28 17:35:18
杭州,电商广告优化师,北京字节跳动科技有限公司,文娱丨内容,1-3年,本科,8k-16k,2020-04-23 14:45:28
杭州,高级java开发工程师,宁波中茂网络科技有限公司杭州分公司,"数据服务,软件开发",3-5年,大专,18k-25k,2020-04-28 17:38:45
杭州,销售经理,杭州秘猿科技有限公司,区块链,5-10年,本科,15k-30k,2020-04-28 17:38:38
杭州,高级培训专员 (MJ001469),杭州洋驼网络科技有限公司,电商,不限,不限,7k-14k,2020-04-28 17:38:20
杭州,前端开发工程师,杭州轻山科技有限公司,金融,1-3年,本科,8k-12k,2020-04-28 17:38:15
杭州,销售顾问（杭州）,深圳市秦丝科技有限公司,"移动互联网,企业服务",不限,大专,8k-15k,2020-04-28 17:38:03
杭州,项目工程师,北京竞业达数码科技股份有限公司,"移动互联网,硬件",1-3年,大专,4k-7k,2020-04-28 17:38:01
杭州,测试实习生,杭州工猫科技有限公司,移动互联网,应届毕业生,本科,5k-9k,2020-04-28 17:37:56
杭州,云平台销售经理,北京青云科技股份有限公司,数据服务,3-5年,本科,10k-20k,2020-04-28 17:37:45
杭州,全渠道销售经理,杭州数云信息技术有限公司上海分公司,"企业服务,数据服务",1-3年,大专,10k-20k,2020-04-28 17:37:30
杭州,新媒体运营专员,杭州硬兽网络科技有限公司,文娱丨内容,不限,不限,3k-6k,2020-04-28 17:39:08
杭州,项目实施工程师,南京帆软软件有限公司,数据服务,不限,本科,9k-10k,2020-04-28 17:39:04
杭州,直播运营,杭州萌兔文化传播有限公司,文娱丨内容,1-3年,本科,10k-15k,2020-04-28 17:38:58
杭州,用户运营,杭州抢趣网络科技有限公司,"移动互联网,企业服务",3-5年,本科,10k-20k,2020-04-28 17:38:55
杭州,杭州-资深算法工程师/算法技术专家（建模S4-S5,拉勾猎头,"移动互联网,企业服务",3-5年,本科,25k-45k,2020-04-28 17:35:18
杭州,电商广告优化师,北京字节跳动科技有限公司,文娱丨内容,1-3年,本科,8k-16k,2020-04-23 14:45:28
杭州,高级java开发工程师,宁波中茂网络科技有限公司杭州分公司,"数据服务,软件开发",3-5年,大专,18k-25k,2020-04-28 17:38:45
杭州,销售经理,杭州秘猿科技有限公司,区块链,5-10年,本科,15k-30k,2020-04-28 17:38:38
杭州,高级培训专员 (MJ001469),杭州洋驼网络科技有限公司,电商,不限,不限,7k-14k,2020-04-28 17:38:20
杭州,前端开发工程师,杭州轻山科技有限公司,金融,1-3年,本科,8k-12k,2020-04-28 17:38:15
杭州,销售顾问（杭州）,深圳市秦丝科技有限公司,"移动互联网,企业服务",不限,大专,8k-15k,2020-04-28 17:38:03
杭州,项目工程师,北京竞业达数码科技股份有限公司,"移动互联网,硬件",1-3年,大专,4k-7k,2020-04-28 17:38:01
杭州,测试实习生,杭州工猫科技有限公司,移动互联网,应届毕业生,本科,5k-9k,2020-04-28 17:37:56
杭州,云平台销售经理,北京青云科技股份有限公司,数据服务,3-5年,本科,10k-20k,2020-04-28 17:37:45
杭州,全渠道销售经理,杭州数云信息技术有限公司上海分公司,"企业服务,数据服务",1-3年,大专,10k-20k,2020-04-28 17:37:30
杭州,新媒体运营专员,杭州硬兽网络科技有限公司,文娱丨内容,不限,不限,3k-6k,2020-04-28 17:39:08
杭州,项目实施工程师,南京帆软软件有限公司,数据服务,不限,本科,9k-10k,2020-04-28 17:39:04
杭州,直播运营,杭州萌兔文化传播有限公司,文娱丨内容,1-3年,本科,10k-15k,2020-04-28 17:38:58
杭州,用户运营,杭州抢趣网络科技有限公司,"移动互联网,企业服务",3-5年,本科,10k-20k,2020-04-28 17:38:55
杭州,杭州-资深算法工程师/算法技术专家（建模S4-S5,拉勾猎头,"移动互联网,企业服务",3-5年,本科,25k-45k,2020-04-28 17:35:18
杭州,电商广告优化师,北京字节跳动科技有限公司,文娱丨内容,1-3年,本科,8k-16k,2020-04-23 14:45:28
杭州,高级java开发工程师,宁波中茂网络科技有限公司杭州分公司,"数据服务,软件开发",3-5年,大专,18k-25k,2020-04-28 17:38:45
杭州,销售经理,杭州秘猿科技有限公司,区块链,5-10年,本科,15k-30k,2020-04-28 17:38:38
杭州,高级培训专员 (MJ001469),杭州洋驼网络科技有限公司,电商,不限,不限,7k-14k,2020-04-28 17:38:20
杭州,前端开发工程师,杭州轻山科技有限公司,金融,1-3年,本科,8k-12k,2020-04-28 17:38:15
杭州,销售顾问（杭州）,深圳市秦丝科技有限公司,"移动互联网,企业服务",不限,大专,8k-15k,2020-04-28 17:38:03
杭州,项目工程师,北京竞业达数码科技股份有限公司,"移动互联网,硬件",1-3年,大专,4k-7k,2020-04-28 17:38:01
杭州,测试实习生,杭州工猫科技有限公司,移动互联网,应届毕业生,本科,5k-9k,2020-04-28 17:37:56
杭州,云平台销售经理,北京青云科技股份有限公司,数据服务,3-5年,本科,10k-20k,2020-04-28 17:37:45
杭州,全渠道销售经理,杭州数云信息技术有限公司上海分公司,"企业服务,数据服务",1-3年,大专,10k-20k,2020-04-28 17:37:30
杭州,新媒体运营专员,杭州硬兽网络科技有限公司,文娱丨内容,不限,不限,3k-6k,2020-04-28 17:39:08
杭州,项目实施工程师,南京帆软软件有限公司,数据服务,不限,本科,9k-10k,2020-04-28 17:39:04
杭州,直播运营,杭州萌兔文化传播有限公司,文娱丨内容,1-3年,本科,10k-15k,2020-04-28 17:38:58
杭州,用户运营,杭州抢趣网络科技有限公司,"移动互联网,企业服务",3-5年,本科,10k-20k,2020-04-28 17:38:55
杭州,杭州-资深算法工程师/算法技术专家（建模S4-S5,拉勾猎头,"移动互联网,企业服务",3-5年,本科,25k-45k,2020-04-28 17:35:18
杭州,电商广告优化师,北京字节跳动科技有限公司,文娱丨内容,1-3年,本科,8k-16k,2020-04-23 14:45:28
杭州,高级java开发工程师,宁波中茂网络科技有限公司杭州分公司,"数据服务,软件开发",3-5年,大专,18k-25k,2020-04-28 17:38:45
杭州,销售经理,杭州秘猿科技有限公司,区块链,5-10年,本科,15k-30k,2020-04-28 17:38:38
杭州,高级培训专员 (MJ001469),杭州洋驼网络科技有限公司,电商,不限,不限,7k-14k,2020-04-28 17:38:20
杭州,测试工程师,杭州轻山科技有限公司,金融,1-3年,不限,8k-12k,2020-04-28 17:38:15
杭州,销售顾问（杭州）,深圳市秦丝科技有限公司,"移动互联网,企业服务",不限,大专,8k-15k,2020-04-28 17:38:03
杭州,项目工程师,北京竞业达数码科技股份有限公司,"移动互联网,硬件",1-3年,大专,4k-7k,2020-04-28 17:38:01
杭州,文案策划新媒体运营,杭州工猫科技有限公司,移动互联网,3-5年,本科,8k-15k,2020-04-28 17:37:56
杭州,云平台销售经理,北京青云科技股份有限公司,数据服务,3-5年,本科,10k-20k,2020-04-28 17:37:45
杭州,全渠道销售经理,杭州数云信息技术有限公司上海分公司,"企业服务,数据服务",1-3年,大专,10k-20k,2020-04-28 17:37:30
杭州,新媒体运营专员,杭州硬兽网络科技有限公司,文娱丨内容,不限,不限,3k-6k,2020-04-28 17:39:08
杭州,项目实施工程师,南京帆软软件有限公司,数据服务,不限,本科,9k-10k,2020-04-28 17:39:04
杭州,直播运营,杭州萌兔文化传播有限公司,文娱丨内容,1-3年,本科,10k-15k,2020-04-28 17:38:58
杭州,用户运营,杭州抢趣网络科技有限公司,"移动互联网,企业服务",3-5年,本科,10k-20k,2020-04-28 17:38:55
杭州,杭州-资深算法工程师/算法技术专家（建模S4-S5,拉勾猎头,"移动互联网,企业服务",3-5年,本科,25k-45k,2020-04-28 17:35:18
杭州,电商广告优化师,北京字节跳动科技有限公司,文娱丨内容,1-3年,本科,8k-16k,2020-04-23 14:45:28
杭州,高级java开发工程师,宁波中茂网络科技有限公司杭州分公司,"数据服务,软件开发",3-5年,大专,18k-25k,2020-04-28 17:38:45
杭州,销售经理,杭州秘猿科技有限公司,区块链,5-10年,本科,15k-30k,2020-04-28 17:38:38
杭州,高级培训专员 (MJ001469),杭州洋驼网络科技有限公司,电商,不限,不限,7k-14k,2020-04-28 17:38:20
杭州,前端开发工程师,杭州轻山科技有限公司,金融,1-3年,本科,8k-12k,2020-04-28 17:38:15
杭州,销售顾问（杭州）,深圳市秦丝科技有限公司,"移动互联网,企业服务",不限,大专,8k-15k,2020-04-28 17:38:03
杭州,项目工程师,北京竞业达数码科技股份有限公司,"移动互联网,硬件",1-3年,大专,4k-7k,2020-04-28 17:38:01
杭州,测试实习生,杭州工猫科技有限公司,移动互联网,应届毕业生,本科,5k-9k,2020-04-28 17:37:56
杭州,云平台销售经理,北京青云科技股份有限公司,数据服务,3-5年,本科,10k-20k,2020-04-28 17:37:45
杭州,全渠道销售经理,杭州数云信息技术有限公司上海分公司,"企业服务,数据服务",1-3年,大专,10k-20k,2020-04-28 17:37:30
杭州,新媒体运营专员,杭州硬兽网络科技有限公司,文娱丨内容,不限,不限,3k-6k,2020-04-28 17:39:08
杭州,项目实施工程师,南京帆软软件有限公司,数据服务,不限,本科,9k-10k,2020-04-28 17:39:04
杭州,直播运营,杭州萌兔文化传播有限公司,文娱丨内容,1-3年,本科,10k-15k,2020-04-28 17:38:58
杭州,用户运营,杭州抢趣网络科技有限公司,"移动互联网,企业服务",3-5年,本科,10k-20k,2020-04-28 17:38:55
杭州,杭州-资深算法工程师/算法技术专家（建模S4-S5,拉勾猎头,"移动互联网,企业服务",3-5年,本科,25k-45k,2020-04-28 17:35:18
杭州,电商广告优化师,北京字节跳动科技有限公司,文娱丨内容,1-3年,本科,8k-16k,2020-04-23 14:45:28
杭州,高级java开发工程师,宁波中茂网络科技有限公司杭州分公司,"数据服务,软件开发",3-5年,大专,18k-25k,2020-04-28 17:38:45
杭州,销售经理,杭州秘猿科技有限公司,区块链,5-10年,本科,15k-30k,2020-04-28 17:38:38
杭州,高级培训专员 (MJ001469),杭州洋驼网络科技有限公司,电商,不限,不限,7k-14k,2020-04-28 17:38:20
杭州,前端开发工程师,杭州轻山科技有限公司,金融,1-3年,本科,8k-12k,2020-04-28 17:38:15
杭州,销售顾问（杭州）,深圳市秦丝科技有限公司,"移动互联网,企业服务",不限,大专,8k-15k,2020-04-28 17:38:03
杭州,项目工程师,北京竞业达数码科技股份有限公司,"移动互联网,硬件",1-3年,大专,4k-7k,2020-04-28 17:38:01
杭州,测试实习生,杭州工猫科技有限公司,移动互联网,应届毕业生,本科,5k-9k,2020-04-28 17:37:56
杭州,云平台销售经理,北京青云科技股份有限公司,数据服务,3-5年,本科,10k-20k,2020-04-28 17:37:45
杭州,全渠道销售经理,杭州数云信息技术有限公司上海分公司,"企业服务,数据服务",1-3年,大专,10k-20k,2020-04-28 17:37:30
杭州,新媒体运营专员,杭州硬兽网络科技有限公司,文娱丨内容,不限,不限,3k-6k,2020-04-28 17:39:08
杭州,项目实施工程师,南京帆软软件有限公司,数据服务,不限,本科,9k-10k,2020-04-28 17:39:04
杭州,直播运营,杭州萌兔文化传播有限公司,文娱丨内容,1-3年,本科,10k-15k,2020-04-28 17:38:58
杭州,用户运营,杭州抢趣网络科技有限公司,"移动互联网,企业服务",3-5年,本科,10k-20k,2020-04-28 17:38:55
杭州,杭州-资深算法工程师/算法技术专家（建模S4-S5,拉勾猎头,"移动互联网,企业服务",3-5年,本科,25k-45k,2020-04-28 17:35:18
杭州,电商广告优化师,北京字节跳动科技有限公司,文娱丨内容,1-3年,本科,8k-16k,2020-04-23 14:45:28
杭州,高级java开发工程师,宁波中茂网络科技有限公司杭州分公司,"数据服务,软件开发",3-5年,大专,18k-25k,2020-04-28 17:38:45
杭州,销售经理,杭州秘猿科技有限公司,区块链,5-10年,本科,15k-30k,2020-04-28 17:38:38
杭州,高级培训专员 (MJ001469),杭州洋驼网络科技有限公司,电商,不限,不限,7k-14k,2020-04-28 17:38:20
杭州,前端开发工程师,杭州轻山科技有限公司,金融,1-3年,本科,8k-12k,2020-04-28 17:38:15
杭州,销售顾问（杭州）,深圳市秦丝科技有限公司,"移动互联网,企业服务",不限,大专,8k-15k,2020-04-28 17:38:03
杭州,项目工程师,北京竞业达数码科技股份有限公司,"移动互联网,硬件",1-3年,大专,4k-7k,2020-04-28 17:38:01
杭州,测试实习生,杭州工猫科技有限公司,移动互联网,应届毕业生,本科,5k-9k,2020-04-28 17:37:56
杭州,云平台销售经理,北京青云科技股份有限公司,数据服务,3-5年,本科,10k-20k,2020-04-28 17:37:45
杭州,全渠道销售经理,杭州数云信息技术有限公司上海分公司,"企业服务,数据服务",1-3年,大专,10k-20k,2020-04-28 17:37:30
杭州,资深会员产品经理（前端）-音乐事业部083,网易（杭州）网络有限公司,电商,5-10年,本科,20k-40k,2020-04-28 17:39:27
杭州,高级测试工程师-杭州（测试总部）,恒生电子股份有限公司,"移动互联网,金融",3-5年,本科,15k-25k,2020-04-28 17:39:20
杭州,新媒体运营专员,杭州硬兽网络科技有限公司,文娱丨内容,不限,不限,3k-6k,2020-04-28 17:39:08
杭州,项目实施工程师,南京帆软软件有限公司,数据服务,不限,本科,9k-10k,2020-04-28 17:39:04
杭州,直播运营,杭州萌兔文化传播有限公司,文娱丨内容,1-3年,本科,10k-15k,2020-04-28 17:38:58
杭州,用户运营,杭州抢趣网络科技有限公司,"移动互联网,企业服务",3-5年,本科,10k-20k,2020-04-28 17:38:55
杭州,杭州-资深算法工程师/算法技术专家（建模S4-S5,拉勾猎头,"移动互联网,企业服务",3-5年,本科,25k-45k,2020-04-28 17:35:18
杭州,电商广告优化师,北京字节跳动科技有限公司,文娱丨内容,1-3年,本科,8k-16k,2020-04-23 14:45:28
杭州,高级java开发工程师,宁波中茂网络科技有限公司杭州分公司,"数据服务,软件开发",3-5年,大专,18k-25k,2020-04-28 17:38:45
杭州,销售经理,杭州秘猿科技有限公司,区块链,5-10年,本科,15k-30k,2020-04-28 17:38:38
杭州,高级培训专员 (MJ001469),杭州洋驼网络科技有限公司,电商,不限,不限,7k-14k,2020-04-28 17:38:20
杭州,前端开发工程师,杭州轻山科技有限公司,金融,1-3年,本科,8k-12k,2020-04-28 17:38:15
杭州,销售顾问（杭州）,深圳市秦丝科技有限公司,"移动互联网,企业服务",不限,大专,8k-15k,2020-04-28 17:38:03
杭州,项目工程师,北京竞业达数码科技股份有限公司,"移动互联网,硬件",1-3年,大专,4k-7k,2020-04-28 17:38:01
杭州,测试实习生,杭州工猫科技有限公司,移动互联网,应届毕业生,本科,5k-9k,2020-04-28 17:37:56
杭州,资深会员产品经理（前端）-音乐事业部083,网易（杭州）网络有限公司,电商,5-10年,本科,20k-40k,2020-04-28 17:39:27
杭州,高级测试工程师-杭州（测试总部）,恒生电子股份有限公司,"移动互联网,金融",3-5年,本科,15k-25k,2020-04-28 17:39:20
杭州,新媒体运营专员,杭州硬兽网络科技有限公司,文娱丨内容,不限,不限,3k-6k,2020-04-28 17:39:08
杭州,项目实施工程师,南京帆软软件有限公司,数据服务,不限,本科,9k-10k,2020-04-28 17:39:04
杭州,直播运营,杭州萌兔文化传播有限公司,文娱丨内容,1-3年,本科,10k-15k,2020-04-28 17:38:58
杭州,用户运营,杭州抢趣网络科技有限公司,"移动互联网,企业服务",3-5年,本科,10k-20k,2020-04-28 17:38:55
杭州,杭州-资深算法工程师/算法技术专家（建模S4-S5,拉勾猎头,"移动互联网,企业服务",3-5年,本科,25k-45k,2020-04-28 17:35:18
杭州,电商广告优化师,北京字节跳动科技有限公司,文娱丨内容,1-3年,本科,8k-16k,2020-04-23 14:45:28
杭州,高级java开发工程师,宁波中茂网络科技有限公司杭州分公司,"数据服务,软件开发",3-5年,大专,18k-25k,2020-04-28 17:38:45
杭州,销售经理,杭州秘猿科技有限公司,区块链,5-10年,本科,15k-30k,2020-04-28 17:38:38
杭州,高级培训专员 (MJ001469),杭州洋驼网络科技有限公司,电商,不限,不限,7k-14k,2020-04-28 17:38:20
杭州,前端开发工程师,杭州轻山科技有限公司,金融,1-3年,本科,8k-12k,2020-04-28 17:38:15
杭州,销售顾问（杭州）,深圳市秦丝科技有限公司,"移动互联网,企业服务",不限,大专,8k-15k,2020-04-28 17:38:03
杭州,项目工程师,北京竞业达数码科技股份有限公司,"移动互联网,硬件",1-3年,大专,4k-7k,2020-04-28 17:38:01
杭州,测试实习生,杭州工猫科技有限公司,移动互联网,应届毕业生,本科,5k-9k,2020-04-28 17:37:56
杭州,资深会员产品经理（前端）-音乐事业部083,网易（杭州）网络有限公司,电商,5-10年,本科,20k-40k,2020-04-28 17:39:27
杭州,高级测试工程师-杭州（测试总部）,恒生电子股份有限公司,"移动互联网,金融",3-5年,本科,15k-25k,2020-04-28 17:39:20
杭州,新媒体运营专员,杭州硬兽网络科技有限公司,文娱丨内容,不限,不限,3k-6k,2020-04-28 17:39:08
杭州,项目实施工程师,南京帆软软件有限公司,数据服务,不限,本科,9k-10k,2020-04-28 17:39:04
杭州,直播运营,杭州萌兔文化传播有限公司,文娱丨内容,1-3年,本科,10k-15k,2020-04-28 17:38:58
杭州,用户运营,杭州抢趣网络科技有限公司,"移动互联网,企业服务",3-5年,本科,10k-20k,2020-04-28 17:38:55
杭州,杭州-资深算法工程师/算法技术专家（建模S4-S5,拉勾猎头,"移动互联网,企业服务",3-5年,本科,25k-45k,2020-04-28 17:35:18
杭州,电商广告优化师,北京字节跳动科技有限公司,文娱丨内容,1-3年,本科,8k-16k,2020-04-23 14:45:28
杭州,高级java开发工程师,宁波中茂网络科技有限公司杭州分公司,"数据服务,软件开发",3-5年,大专,18k-25k,2020-04-28 17:38:45
杭州,销售经理,杭州秘猿科技有限公司,区块链,5-10年,本科,15k-30k,2020-04-28 17:38:38
杭州,高级培训专员 (MJ001469),杭州洋驼网络科技有限公司,电商,不限,不限,7k-14k,2020-04-28 17:38:20
杭州,前端开发工程师,杭州轻山科技有限公司,金融,1-3年,本科,8k-12k,2020-04-28 17:38:15
杭州,销售顾问（杭州）,深圳市秦丝科技有限公司,"移动互联网,企业服务",不限,大专,8k-15k,2020-04-28 17:38:03
杭州,项目工程师,北京竞业达数码科技股份有限公司,"移动互联网,硬件",1-3年,大专,4k-7k,2020-04-28 17:38:01
杭州,测试实习生,杭州工猫科技有限公司,移动互联网,应届毕业生,本科,5k-9k,2020-04-28 17:37:56
杭州,测试工程师,数神科技信息（杭州）有限公司,"移动互联网,数据服务",3-5年,本科,10k-15k,2020-04-28 17:39:35
杭州,资深会员产品经理（前端）-音乐事业部083,网易（杭州）网络有限公司,电商,5-10年,本科,20k-40k,2020-04-28 17:39:27
杭州,高级测试工程师-杭州（测试总部）,恒生电子股份有限公司,"移动互联网,金融",3-5年,本科,15k-25k,2020-04-28 17:39:20
杭州,新媒体运营专员,杭州硬兽网络科技有限公司,文娱丨内容,不限,不限,3k-6k,2020-04-28 17:39:08
杭州,项目实施工程师,南京帆软软件有限公司,数据服务,不限,本科,9k-10k,2020-04-28 17:39:04
杭州,直播运营,杭州萌兔文化传播有限公司,文娱丨内容,1-3年,本科,10k-15k,2020-04-28 17:38:58
杭州,用户运营,杭州抢趣网络科技有限公司,"移动互联网,企业服务",3-5年,本科,10k-20k,2020-04-28 17:38:55
杭州,杭州-资深算法工程师/算法技术专家（建模S4-S5,拉勾猎头,"移动互联网,企业服务",3-5年,本科,25k-45k,2020-04-28 17:35:18
杭州,电商广告优化师,北京字节跳动科技有限公司,文娱丨内容,1-3年,本科,8k-16k,2020-04-23 14:45:28
杭州,高级java开发工程师,宁波中茂网络科技有限公司杭州分公司,"数据服务,软件开发",3-5年,大专,18k-25k,2020-04-28 17:38:45
杭州,销售经理,杭州秘猿科技有限公司,区块链,5-10年,本科,15k-30k,2020-04-28 17:38:38
杭州,高级培训专员 (MJ001469),杭州洋驼网络科技有限公司,电商,不限,不限,7k-14k,2020-04-28 17:38:20
杭州,前端开发工程师,杭州轻山科技有限公司,金融,1-3年,本科,8k-12k,2020-04-28 17:38:15
杭州,销售顾问（杭州）,深圳市秦丝科技有限公司,"移动互联网,企业服务",不限,大专,8k-15k,2020-04-28 17:38:03
杭州,项目工程师,北京竞业达数码科技股份有限公司,"移动互联网,硬件",1-3年,大专,4k-7k,2020-04-28 17:38:01
杭州,测试工程师,数神科技信息（杭州）有限公司,"移动互联网,数据服务",3-5年,本科,10k-15k,2020-04-28 17:39:35
杭州,资深会员产品经理（前端）-音乐事业部083,网易（杭州）网络有限公司,电商,5-10年,本科,20k-40k,2020-04-28 17:39:27
杭州,高级测试工程师-杭州（测试总部）,恒生电子股份有限公司,"移动互联网,金融",3-5年,本科,15k-25k,2020-04-28 17:39:20
杭州,新媒体运营专员,杭州硬兽网络科技有限公司,文娱丨内容,不限,不限,3k-6k,2020-04-28 17:39:08
杭州,项目实施工程师,南京帆软软件有限公司,数据服务,不限,本科,9k-10k,2020-04-28 17:39:04
杭州,直播运营,杭州萌兔文化传播有限公司,文娱丨内容,1-3年,本科,10k-15k,2020-04-28 17:38:58
杭州,用户运营,杭州抢趣网络科技有限公司,"移动互联网,企业服务",3-5年,本科,10k-20k,2020-04-28 17:38:55
杭州,杭州-资深算法工程师/算法技术专家（建模S4-S5,拉勾猎头,"移动互联网,企业服务",3-5年,本科,25k-45k,2020-04-28 17:35:18
杭州,电商广告优化师,北京字节跳动科技有限公司,文娱丨内容,1-3年,本科,8k-16k,2020-04-23 14:45:28
杭州,高级java开发工程师,宁波中茂网络科技有限公司杭州分公司,"数据服务,软件开发",3-5年,大专,18k-25k,2020-04-28 17:38:45
杭州,销售经理,杭州秘猿科技有限公司,区块链,5-10年,本科,15k-30k,2020-04-28 17:38:38
杭州,高级培训专员 (MJ001469),杭州洋驼网络科技有限公司,电商,不限,不限,7k-14k,2020-04-28 17:38:20
杭州,前端开发工程师,杭州轻山科技有限公司,金融,1-3年,本科,8k-12k,2020-04-28 17:38:15
杭州,销售顾问（杭州）,深圳市秦丝科技有限公司,"移动互联网,企业服务",不限,大专,8k-15k,2020-04-28 17:38:03
杭州,项目工程师,北京竞业达数码科技股份有限公司,"移动互联网,硬件",1-3年,大专,4k-7k,2020-04-28 17:38:01
杭州,测试工程师,数神科技信息（杭州）有限公司,"移动互联网,数据服务",3-5年,本科,10k-15k,2020-04-28 17:39:35
杭州,资深会员产品经理（前端）-音乐事业部083,网易（杭州）网络有限公司,电商,5-10年,本科,20k-40k,2020-04-28 17:39:27
杭州,高级测试工程师-杭州（测试总部）,恒生电子股份有限公司,"移动互联网,金融",3-5年,本科,15k-25k,2020-04-28 17:39:20
杭州,新媒体运营专员,杭州硬兽网络科技有限公司,文娱丨内容,不限,不限,3k-6k,2020-04-28 17:39:08
杭州,项目实施工程师,南京帆软软件有限公司,数据服务,不限,本科,9k-10k,2020-04-28 17:39:04
杭州,直播运营,杭州萌兔文化传播有限公司,文娱丨内容,1-3年,本科,10k-15k,2020-04-28 17:38:58
杭州,用户运营,杭州抢趣网络科技有限公司,"移动互联网,企业服务",3-5年,本科,10k-20k,2020-04-28 17:38:55
杭州,杭州-资深算法工程师/算法技术专家（建模S4-S5,拉勾猎头,"移动互联网,企业服务",3-5年,本科,25k-45k,2020-04-28 17:35:18
杭州,电商广告优化师,北京字节跳动科技有限公司,文娱丨内容,1-3年,本科,8k-16k,2020-04-23 14:45:28
杭州,高级java开发工程师,宁波中茂网络科技有限公司杭州分公司,"数据服务,软件开发",3-5年,大专,18k-25k,2020-04-28 17:38:45
杭州,销售经理,杭州秘猿科技有限公司,区块链,5-10年,本科,15k-30k,2020-04-28 17:38:38
杭州,高级培训专员 (MJ001469),杭州洋驼网络科技有限公司,电商,不限,不限,7k-14k,2020-04-28 17:38:20
杭州,前端开发工程师,杭州轻山科技有限公司,金融,1-3年,本科,8k-12k,2020-04-28 17:38:15
杭州,销售顾问（杭州）,深圳市秦丝科技有限公司,"移动互联网,企业服务",不限,大专,8k-15k,2020-04-28 17:38:03
杭州,项目工程师,北京竞业达数码科技股份有限公司,"移动互联网,硬件",1-3年,大专,4k-7k,2020-04-28 17:38:01
杭州,电商机构运营,微梦创科网络科技（中国）有限公司,文娱丨内容,不限,不限,10k-20k,2020-04-28 17:39:38
杭州,测试专家,威斯科技（苏州）有限公司,移动互联网,5-10年,本科,25k-35k,2020-04-28 17:39:37
杭州,数据开发实习生,数神科技信息（杭州）有限公司,"移动互联网,数据服务",应届毕业生,不限,3k-4k,2020-04-28 17:39:35
杭州,资深会员产品经理（前端）-音乐事业部083,网易（杭州）网络有限公司,电商,5-10年,本科,20k-40k,2020-04-28 17:39:27
杭州,高级测试工程师-杭州（测试总部）,恒生电子股份有限公司,"移动互联网,金融",3-5年,本科,15k-25k,2020-04-28 17:39:20
杭州,新媒体运营专员,杭州硬兽网络科技有限公司,文娱丨内容,不限,不限,3k-6k,2020-04-28 17:39:08
杭州,项目实施工程师,南京帆软软件有限公司,数据服务,不限,本科,9k-10k,2020-04-28 17:39:04
杭州,直播运营,杭州萌兔文化传播有限公司,文娱丨内容,1-3年,本科,10k-15k,2020-04-28 17:38:58
杭州,用户运营,杭州抢趣网络科技有限公司,"移动互联网,企业服务",3-5年,本科,10k-20k,2020-04-28 17:38:55
杭州,杭州-资深算法工程师/算法技术专家（建模S4-S5,拉勾猎头,"移动互联网,企业服务",3-5年,本科,25k-45k,2020-04-28 17:35:18
杭州,电商广告优化师,北京字节跳动科技有限公司,文娱丨内容,1-3年,本科,8k-16k,2020-04-23 14:45:28
杭州,高级java开发工程师,宁波中茂网络科技有限公司杭州分公司,"数据服务,软件开发",3-5年,大专,18k-25k,2020-04-28 17:38:45
杭州,销售经理,杭州秘猿科技有限公司,区块链,5-10年,本科,15k-30k,2020-04-28 17:38:38
杭州,高级培训专员 (MJ001469),杭州洋驼网络科技有限公司,电商,不限,不限,7k-14k,2020-04-28 17:38:20
杭州,前端开发工程师,杭州轻山科技有限公司,金融,1-3年,本科,8k-12k,2020-04-28 17:38:15
杭州,电商机构运营,微梦创科网络科技（中国）有限公司,文娱丨内容,不限,不限,10k-20k,2020-04-28 17:39:38
杭州,测试专家,威斯科技（苏州）有限公司,移动互联网,5-10年,本科,25k-35k,2020-04-28 17:39:37
杭州,数据开发实习生,数神科技信息（杭州）有限公司,"移动互联网,数据服务",应届毕业生,不限,3k-4k,2020-04-28 17:39:35
杭州,资深会员产品经理（前端）-音乐事业部083,网易（杭州）网络有限公司,电商,5-10年,本科,20k-40k,2020-04-28 17:39:27
杭州,高级测试工程师-杭州（测试总部）,恒生电子股份有限公司,"移动互联网,金融",3-5年,本科,15k-25k,2020-04-28 17:39:20
杭州,新媒体运营专员,杭州硬兽网络科技有限公司,文娱丨内容,不限,不限,3k-6k,2020-04-28 17:39:08
杭州,项目实施工程师,南京帆软软件有限公司,数据服务,不限,本科,9k-10k,2020-04-28 17:39:04
杭州,直播运营,杭州萌兔文化传播有限公司,文娱丨内容,1-3年,本科,10k-15k,2020-04-28 17:38:58
杭州,用户运营,杭州抢趣网络科技有限公司,"移动互联网,企业服务",3-5年,本科,10k-20k,2020-04-28 17:38:55
杭州,杭州-资深算法工程师/算法技术专家（建模S4-S5,拉勾猎头,"移动互联网,企业服务",3-5年,本科,25k-45k,2020-04-28 17:35:18
杭州,电商广告优化师,北京字节跳动科技有限公司,文娱丨内容,1-3年,本科,8k-16k,2020-04-23 14:45:28
杭州,高级java开发工程师,宁波中茂网络科技有限公司杭州分公司,"数据服务,软件开发",3-5年,大专,18k-25k,2020-04-28 17:38:45
杭州,销售经理,杭州秘猿科技有限公司,区块链,5-10年,本科,15k-30k,2020-04-28 17:38:38
杭州,高级培训专员 (MJ001469),杭州洋驼网络科技有限公司,电商,不限,不限,7k-14k,2020-04-28 17:38:20
杭州,测试工程师,杭州轻山科技有限公司,金融,1-3年,不限,8k-12k,2020-04-28 17:38:15
杭州,电商机构运营,微梦创科网络科技（中国）有限公司,文娱丨内容,不限,不限,10k-20k,2020-04-28 17:39:38
杭州,测试专家,威斯科技（苏州）有限公司,移动互联网,5-10年,本科,25k-35k,2020-04-28 17:39:37
杭州,数据开发实习生,数神科技信息（杭州）有限公司,"移动互联网,数据服务",应届毕业生,不限,3k-4k,2020-04-28 17:39:35
杭州,资深会员产品经理（前端）-音乐事业部083,网易（杭州）网络有限公司,电商,5-10年,本科,20k-40k,2020-04-28 17:39:27
杭州,高级测试工程师-杭州（测试总部）,恒生电子股份有限公司,"移动互联网,金融",3-5年,本科,15k-25k,2020-04-28 17:39:20
杭州,新媒体运营专员,杭州硬兽网络科技有限公司,文娱丨内容,不限,不限,3k-6k,2020-04-28 17:39:08
杭州,项目实施工程师,南京帆软软件有限公司,数据服务,不限,本科,9k-10k,2020-04-28 17:39:04
杭州,直播运营,杭州萌兔文化传播有限公司,文娱丨内容,1-3年,本科,10k-15k,2020-04-28 17:38:58
杭州,用户运营,杭州抢趣网络科技有限公司,"移动互联网,企业服务",3-5年,本科,10k-20k,2020-04-28 17:38:55
杭州,杭州-资深算法工程师/算法技术专家（建模S4-S5,拉勾猎头,"移动互联网,企业服务",3-5年,本科,25k-45k,2020-04-28 17:35:18
杭州,电商广告优化师,北京字节跳动科技有限公司,文娱丨内容,1-3年,本科,8k-16k,2020-04-23 14:45:28
杭州,高级java开发工程师,宁波中茂网络科技有限公司杭州分公司,"数据服务,软件开发",3-5年,大专,18k-25k,2020-04-28 17:38:45
杭州,销售经理,杭州秘猿科技有限公司,区块链,5-10年,本科,15k-30k,2020-04-28 17:38:38
杭州,高级培训专员 (MJ001469),杭州洋驼网络科技有限公司,电商,不限,不限,7k-14k,2020-04-28 17:38:20
杭州,前端开发工程师,杭州轻山科技有限公司,金融,1-3年,本科,8k-12k,2020-04-28 17:38:15
杭州,电商机构运营,微梦创科网络科技（中国）有限公司,文娱丨内容,不限,不限,10k-20k,2020-04-28 17:39:38
杭州,测试专家,威斯科技（苏州）有限公司,移动互联网,5-10年,本科,25k-35k,2020-04-28 17:39:37
杭州,数据开发实习生,数神科技信息（杭州）有限公司,"移动互联网,数据服务",应届毕业生,不限,3k-4k,2020-04-28 17:39:35
杭州,资深会员产品经理（前端）-音乐事业部083,网易（杭州）网络有限公司,电商,5-10年,本科,20k-40k,2020-04-28 17:39:27
杭州,高级测试工程师-杭州（测试总部）,恒生电子股份有限公司,"移动互联网,金融",3-5年,本科,15k-25k,2020-04-28 17:39:20
杭州,新媒体运营专员,杭州硬兽网络科技有限公司,文娱丨内容,不限,不限,3k-6k,2020-04-28 17:39:08
杭州,项目实施工程师,南京帆软软件有限公司,数据服务,不限,本科,9k-10k,2020-04-28 17:39:04
杭州,直播运营,杭州萌兔文化传播有限公司,文娱丨内容,1-3年,本科,10k-15k,2020-04-28 17:38:58
杭州,用户运营,杭州抢趣网络科技有限公司,"移动互联网,企业服务",3-5年,本科,10k-20k,2020-04-28 17:38:55
杭州,杭州-资深算法工程师/算法技术专家（建模S4-S5,拉勾猎头,"移动互联网,企业服务",3-5年,本科,25k-45k,2020-04-28 17:35:18
杭州,电商广告优化师,北京字节跳动科技有限公司,文娱丨内容,1-3年,本科,8k-16k,2020-04-23 14:45:28
杭州,高级java开发工程师,宁波中茂网络科技有限公司杭州分公司,"数据服务,软件开发",3-5年,大专,18k-25k,2020-04-28 17:38:45
杭州,销售经理,杭州秘猿科技有限公司,区块链,5-10年,本科,15k-30k,2020-04-28 17:38:38
杭州,高级培训专员 (MJ001469),杭州洋驼网络科技有限公司,电商,不限,不限,7k-14k,2020-04-28 17:38:20
杭州,前端开发工程师,杭州轻山科技有限公司,金融,1-3年,本科,8k-12k,2020-04-28 17:38:15
